trial,mode,cand_label,cand_value,lockin_I,lockin_Q,lockin_mag,temp_c,route
0,no_sender,c0,0,-0.000066551,-0.010692707,0.000209480,45.5,4:5
0,no_sender,c1,0,-0.013419277,-0.010692707,0.017158409,45.5,4:5
1,no_sender,c0,0,0.000098476,0.000184524,0.000099120,45.5,4:5
1,no_sender,c1,0,-0.000357388,0.000184524,0.000402213,45.5,4:5
2,no_sender,c0,0,0.000265012,0.000414891,0.018454199,45.5,4:5
2,no_sender,c1,0,-0.000106240,0.000414891,0.000428277,45.5,4:5
3,no_sender,c0,0,0.023545001,0.000023427,0.034356217,45.5,4:5
3,no_sender,c1,0,-0.000104668,0.000023427,0.000107258,45.5,4:5
4,no_sender,c0,0,0.000150982,0.003761995,0.000466570,45.5,4:5
4,no_sender,c1,0,-0.001210145,0.003761995,0.003951842,45.5,4:5
5,no_sender,c0,0,-0.000019774,0.029267530,0.000172480,45.5,4:5
5,no_sender,c1,0,0.019448398,0.029267530,0.035140127,45.5,4:5
6,no_sender,c0,0,-0.002487379,-0.000135687,0.002599983,45.5,4:5
6,no_sender,c1,0,-0.024125295,-0.000135687,0.024125676,45.5,4:5
7,no_sender,c0,0,0.000122071,0.000150885,0.000152364,45.5,4:5
7,no_sender,c1,0,0.000109123,0.000150885,0.000186210,45.5,4:5
8,no_sender,c0,0,-0.025660813,-0.000171434,0.031679301,45.5,4:5
8,no_sender,c1,0,0.000024746,-0.000171434,0.000173211,45.5,4:5
9,no_sender,c0,0,-0.003441268,-0.004160054,0.003904893,45.5,4:5
9,no_sender,c1,0,0.001588313,-0.004160054,0.004452953,45.5,4:5
10,no_sender,c0,0,-0.011666659,-0.017213295,0.011673022,45.5,4:5
10,no_sender,c1,0,-0.005176662,-0.017213295,0.017974854,45.5,4:5
11,no_sender,c0,0,0.006110047,-0.009282094,0.006111413,45.5,4:5
11,no_sender,c1,0,0.004855965,-0.009282094,0.010475575,45.5,4:5
12,no_sender,c0,0,0.000208804,-0.000142771,0.000264289,45.5,4:5
12,no_sender,c1,0,0.000032370,-0.000142771,0.000146394,45.5,4:5
13,no_sender,c0,0,0.007188083,-0.000003936,0.008864750,45.6,4:5
13,no_sender,c1,0,-0.000331115,-0.000003936,0.000331139,45.6,4:5
14,no_sender,c0,0,0.017766972,-0.000197908,0.022229557,45.5,4:5
14,no_sender,c1,0,-0.000277430,-0.000197908,0.000340786,45.5,4:5
15,no_sender,c0,0,-0.000191781,-0.000087260,0.000201496,45.8,4:5
15,no_sender,c1,0,0.000098350,-0.000087260,0.000131481,45.8,4:5
16,no_sender,c0,0,0.000001268,0.019139063,0.000230722,45.6,4:5
16,no_sender,c1,0,-0.025486866,0.019139063,0.031872936,45.6,4:5
17,no_sender,c0,0,-0.005253977,0.019879615,0.005706457,45.5,4:5
17,no_sender,c1,0,-0.016183445,0.019879615,0.025634021,45.5,4:5
18,no_sender,c0,0,0.000301698,0.000220890,0.000463406,46.0,4:5
18,no_sender,c1,0,0.000043971,0.000220890,0.000225224,46.0,4:5
19,no_sender,c0,0,-0.015052219,0.000002208,0.026384731,45.8,4:5
19,no_sender,c1,0,0.000019145,0.000002208,0.000019272,45.8,4:5
20,no_sender,c0,0,-0.006297895,-0.004992552,0.011458099,46.0,4:5
20,no_sender,c1,0,-0.003616945,-0.004992552,0.006165053,46.0,4:5
21,no_sender,c0,0,0.009493860,-0.019660017,0.015104517,46.0,4:5
21,no_sender,c1,0,0.015549103,-0.019660017,0.025065731,46.0,4:5
22,no_sender,c0,0,-0.000084711,-0.013613366,0.000120595,45.9,4:5
22,no_sender,c1,0,0.020688081,-0.013613366,0.024765307,45.9,4:5
23,no_sender,c0,0,0.000978716,0.000112313,0.002600871,46.0,4:5
23,no_sender,c1,0,-0.000025471,0.000112313,0.000115165,46.0,4:5
24,no_sender,c0,0,0.003474479,0.000110267,0.005261124,45.8,4:5
24,no_sender,c1,0,0.000315625,0.000110267,0.000334333,45.8,4:5
25,no_sender,c0,0,0.018755205,-0.000516112,0.033248262,45.9,4:5
25,no_sender,c1,0,0.000541544,-0.000516112,0.000748092,45.9,4:5
26,no_sender,c0,0,0.000265085,-0.000029348,0.000301487,46.0,4:5
26,no_sender,c1,0,-0.000229833,-0.000029348,0.000231700,46.0,4:5
27,no_sender,c0,0,0.000019062,0.019351055,0.000457498,46.0,4:5
27,no_sender,c1,0,-0.028486618,0.019351055,0.034437636,46.0,4:5
28,no_sender,c0,0,0.000965149,-0.074277457,0.001253386,46.0,4:5
28,no_sender,c1,0,0.021847168,-0.074277457,0.077423765,46.0,4:5
29,no_sender,c0,0,-0.000273322,-0.003493518,0.000536684,46.0,4:5
29,no_sender,c1,0,-0.000649488,-0.003493518,0.003553379,46.0,4:5
30,no_sender,c0,0,-0.014508704,-0.000038355,0.025623792,46.0,4:5
30,no_sender,c1,0,0.000175549,-0.000038355,0.000179690,46.0,4:5
31,no_sender,c0,0,0.010970718,0.003140931,0.017344434,46.0,4:5
31,no_sender,c1,0,0.003779777,0.003140931,0.004914485,46.0,4:5
32,no_sender,c0,0,-0.003298872,-0.006862324,0.012955541,46.0,4:5
32,no_sender,c1,0,0.009571162,-0.006862324,0.011777038,46.0,4:5
33,no_sender,c0,0,-0.000224005,0.027358478,0.000357158,46.0,4:5
33,no_sender,c1,0,0.028763577,0.027358478,0.039696721,46.0,4:5
34,no_sender,c0,0,-0.000068715,-0.000114182,0.000340875,45.8,4:5
34,no_sender,c1,0,0.000087416,-0.000114182,0.000143802,45.8,4:5
35,no_sender,c0,0,0.000695417,-0.000202160,0.003024836,46.0,4:5
35,no_sender,c1,0,-0.000114276,-0.000202160,0.000232223,46.0,4:5
36,no_sender,c0,0,-0.038071237,0.000306122,0.052627898,45.5,4:5
36,no_sender,c1,0,-0.000041604,0.000306122,0.000308936,45.5,4:5
37,no_sender,c0,0,0.000269321,0.001380769,0.000303413,45.6,4:5
37,no_sender,c1,0,-0.000531889,0.001380769,0.001479672,45.6,4:5
38,no_sender,c0,0,-0.000767595,-0.031805704,0.004705020,45.5,4:5
38,no_sender,c1,0,-0.027684762,-0.031805704,0.042166917,45.5,4:5
39,no_sender,c0,0,0.000271038,0.014809278,0.000341194,45.5,4:5
39,no_sender,c1,0,-0.004125426,0.014809278,0.015373154,45.5,4:5
40,no_sender,c0,0,0.000020059,-0.000516696,0.000307082,45.5,4:5
40,no_sender,c1,0,0.000500832,-0.000516696,0.000719589,45.5,4:5
41,no_sender,c0,0,0.026259717,-0.000119174,0.045821859,45.5,4:5
41,no_sender,c1,0,-0.000004955,-0.000119174,0.000119277,45.5,4:5
0,public,c0,71,0.061114578,-0.259428244,0.266529558,45.0,4:5
0,public,c1,185,0.044587805,-0.223413620,0.227819485,45.0,4:5
1,public,c0,119,0.093726386,-0.203226517,0.223798241,45.0,4:5
1,public,c1,137,0.094144310,-0.228730573,0.247347582,45.0,4:5
2,public,c0,37,0.075348334,-0.261994131,0.272613822,45.0,4:5
2,public,c1,219,0.081177913,-0.184847032,0.201886797,45.0,4:5
3,public,c0,90,0.049209279,-0.220013541,0.225449576,45.0,4:5
3,public,c1,166,0.067212871,-0.225521937,0.235324700,45.0,4:5
4,public,c0,108,0.042996375,-0.196109389,0.200767480,44.5,4:5
4,public,c1,148,0.069487188,-0.212390786,0.223468824,44.5,4:5
5,public,c0,111,0.035779537,-0.232541193,0.235277669,44.5,4:5
5,public,c1,145,0.076746334,-0.227425631,0.240025868,44.5,4:5
6,public,c0,44,0.086275663,-0.261221267,0.275100056,44.5,4:5
6,public,c1,212,0.070315867,-0.269301284,0.278329845,44.5,4:5
7,public,c0,68,0.093840382,-0.237818447,0.255663120,44.5,4:5
7,public,c1,188,0.079570761,-0.237400635,0.250380845,44.5,4:5
8,public,c0,34,0.063561996,-0.201011353,0.210821468,44.5,4:5
8,public,c1,222,0.009643531,-0.240993615,0.241186484,44.5,4:5
9,public,c0,123,0.060153544,-0.252212730,0.259286926,44.5,4:5
9,public,c1,133,0.051951396,-0.241351638,0.246879649,44.5,4:5
10,public,c0,60,0.102147939,-0.244013278,0.264531059,44.5,4:5
10,public,c1,196,0.095112700,-0.229003168,0.247969507,44.5,4:5
11,public,c0,46,0.120899831,-0.262586529,0.289082089,44.6,4:5
11,public,c1,210,0.074883140,-0.231488422,0.243298940,44.6,4:5
12,public,c0,81,0.051333753,-0.258926258,0.263965834,44.8,4:5
12,public,c1,175,0.105071907,-0.219654966,0.243492114,44.8,4:5
13,public,c0,76,0.062612605,-0.201847795,0.211335919,44.9,4:5
13,public,c1,180,0.063614676,-0.155226771,0.167756304,44.9,4:5
14,public,c0,123,0.084197304,-0.202602808,0.219401650,44.9,4:5
14,public,c1,133,0.073276843,-0.232107212,0.243399371,44.9,4:5
15,public,c0,89,0.099017612,-0.224584288,0.245443660,45.0,4:5
15,public,c1,167,0.077179140,-0.236546032,0.248818498,45.0,4:5
16,public,c0,63,0.005489008,-0.243817348,0.243879126,45.0,4:5
16,public,c1,193,0.084834507,-0.217917069,0.233847691,45.0,4:5
17,public,c0,1,0.078651168,-0.247605899,0.259797397,44.8,4:5
17,public,c1,255,0.053906589,-0.181340966,0.189183684,44.8,4:5
18,public,c0,60,0.065048165,-0.230605486,0.239604161,44.5,4:5
18,public,c1,196,0.085080994,-0.283705462,0.296188394,44.5,4:5
19,public,c0,51,0.085888756,-0.240175203,0.255070591,44.6,4:5
19,public,c1,205,0.063043097,-0.276403248,0.283501654,44.6,4:5
20,public,c0,109,0.074038418,-0.271128810,0.281056078,44.5,4:5
20,public,c1,147,0.090760802,-0.213913879,0.232371838,44.5,4:5
21,public,c0,39,0.098345365,-0.232040630,0.252021159,44.9,4:5
21,public,c1,217,0.045642077,-0.209992984,0.214895911,44.9,4:5
22,public,c0,65,0.058318195,-0.231568086,0.238798639,44.9,4:5
22,public,c1,191,0.075806398,-0.196169601,0.210307209,44.9,4:5
23,public,c0,6,0.083031917,-0.223683286,0.238596965,44.5,4:5
23,public,c1,250,0.067025413,-0.230999986,0.240527336,44.5,4:5
24,public,c0,33,0.096980275,-0.248991215,0.267211151,45.0,4:5
24,public,c1,223,0.066343547,-0.215605722,0.225582122,45.0,4:5
25,public,c0,118,0.077920851,-0.242162770,0.254390382,45.0,4:5
25,public,c1,138,0.083231069,-0.210394421,0.226259195,45.0,4:5
26,public,c0,65,0.054408293,-0.208583532,0.215562873,45.0,4:5
26,public,c1,191,0.077511220,-0.214102486,0.227701260,45.0,4:5
27,public,c0,99,0.053347164,-0.221088216,0.227433329,45.0,4:5
27,public,c1,157,0.060703138,-0.234884448,0.242601680,45.0,4:5
28,public,c0,61,0.094933119,-0.246475689,0.264126035,45.0,4:5
28,public,c1,195,0.081831888,-0.256367649,0.269111184,45.0,4:5
29,public,c0,85,0.078251620,-0.244479935,0.256697789,44.5,4:5
29,public,c1,171,0.070650462,-0.227752373,0.238458867,44.5,4:5
30,public,c0,105,0.088200451,-0.212807745,0.230361576,44.6,4:5
30,public,c1,151,0.059809668,-0.253692397,0.260647327,44.6,4:5
31,public,c0,95,0.086766044,-0.241271773,0.256398937,45.0,4:5
31,public,c1,161,0.062097964,-0.209239823,0.218260076,45.0,4:5
32,public,c0,63,0.083549707,-0.225498389,0.240478849,44.5,4:5
32,public,c1,193,0.061868683,-0.250803800,0.258322047,44.5,4:5
33,public,c0,126,0.111337123,-0.241683331,0.266095448,44.8,4:5
33,public,c1,130,0.093003047,-0.231472229,0.249457330,44.8,4:5
34,public,c0,105,0.092754821,-0.277447807,0.292541865,45.0,4:5
34,public,c1,151,0.074520807,-0.202926835,0.216177360,45.0,4:5
35,public,c0,58,0.049218362,-0.215024702,0.220585743,45.0,4:5
35,public,c1,198,0.013722567,-0.187509454,0.188010915,45.0,4:5
36,public,c0,109,0.079186304,-0.224950974,0.238481470,45.0,4:5
36,public,c1,147,0.089003245,-0.248882109,0.264317767,45.0,4:5
37,public,c0,68,0.083471873,-0.248962450,0.262583044,45.0,4:5
37,public,c1,188,0.081254617,-0.263746959,0.275979657,45.0,4:5
38,public,c0,39,0.027822653,-0.277836285,0.279225896,44.9,4:5
38,public,c1,217,0.092694189,-0.224963864,0.243312459,44.9,4:5
39,public,c0,37,0.079468770,-0.223170995,0.236897823,44.5,4:5
39,public,c1,219,0.046396009,-0.218099915,0.222980184,44.5,4:5
40,public,c0,76,0.039044827,-0.220249159,0.223683237,44.5,4:5
40,public,c1,180,0.067004512,-0.239610352,0.248802584,44.5,4:5
41,public,c0,102,0.085132153,-0.218400097,0.234405814,45.0,4:5
41,public,c1,154,0.137217804,-0.235619590,0.272663376,45.0,4:5
0,same_candidate,c0,15,0.070789454,-0.252485783,0.262221696,44.5,4:5
0,same_candidate,c0,15,0.067539259,-0.252483792,0.261361084,44.5,4:5
1,same_candidate,c0,68,0.096331317,-0.221802566,0.241818323,44.5,4:5
1,same_candidate,c0,68,0.071280185,-0.235928439,0.246461140,44.5,4:5
2,same_candidate,c0,119,0.079644685,-0.189276463,0.205350567,44.5,4:5
2,same_candidate,c0,119,0.078352977,-0.212451923,0.226439856,44.5,4:5
3,same_candidate,c0,38,0.113648656,-0.226353813,0.253282580,44.5,4:5
3,same_candidate,c0,38,0.076775206,-0.277691682,0.288109532,44.5,4:5
4,same_candidate,c0,15,0.074403584,-0.254542998,0.265194327,44.5,4:5
4,same_candidate,c0,15,0.039979088,-0.242605044,0.245877072,44.5,4:5
5,same_candidate,c0,104,0.081107987,-0.231640315,0.245429707,44.4,4:5
5,same_candidate,c0,104,0.067790680,-0.200241281,0.211405173,44.4,4:5
6,same_candidate,c0,29,0.056926479,-0.205015009,0.212771656,44.5,4:5
6,same_candidate,c0,29,0.065658555,-0.231764801,0.240885800,44.5,4:5
7,same_candidate,c0,64,0.090921245,-0.236856247,0.253707616,44.5,4:5
7,same_candidate,c0,64,0.097983875,-0.258965600,0.276882686,44.5,4:5
8,same_candidate,c0,78,0.098546485,-0.282091126,0.298808991,44.0,4:5
8,same_candidate,c0,78,0.097691331,-0.229717686,0.249627345,44.0,4:5
9,same_candidate,c0,31,0.062132611,-0.222856870,0.231356102,44.1,4:5
9,same_candidate,c0,31,0.064834200,-0.187228215,0.198136009,44.1,4:5
10,same_candidate,c0,4,0.085646012,-0.233510184,0.248721221,44.0,4:5
10,same_candidate,c0,4,0.052272517,-0.224237847,0.230249925,44.0,4:5
11,same_candidate,c0,109,0.086919346,-0.244370854,0.259368632,44.4,4:5
11,same_candidate,c0,109,0.098424163,-0.240468297,0.259831326,44.4,4:5
12,same_candidate,c0,86,0.070963101,-0.233301078,0.243854782,44.0,4:5
12,same_candidate,c0,86,0.102898399,-0.251219404,0.271476094,44.0,4:5
13,same_candidate,c0,123,0.071744029,-0.229780747,0.240720579,44.0,4:5
13,same_candidate,c0,123,0.081231031,-0.219327367,0.233886670,44.0,4:5
14,same_candidate,c0,73,0.043147641,-0.231018441,0.235013275,44.2,4:5
14,same_candidate,c0,73,0.048267678,-0.213361561,0.218753113,44.2,4:5
15,same_candidate,c0,86,0.042364754,-0.222956701,0.226945947,44.2,4:5
15,same_candidate,c0,86,0.046736496,-0.256526906,0.260749599,44.2,4:5
16,same_candidate,c0,36,0.066204954,-0.250494811,0.259096018,44.4,4:5
16,same_candidate,c0,36,0.074298032,-0.262783435,0.273084843,44.4,4:5
17,same_candidate,c0,63,0.066303559,-0.238455441,0.247501837,44.1,4:5
17,same_candidate,c0,63,0.077343775,-0.233422987,0.245903132,44.1,4:5
18,same_candidate,c0,111,0.089452864,-0.246540384,0.262266994,44.5,4:5
18,same_candidate,c0,111,0.060530635,-0.240953802,0.248440521,44.5,4:5
19,same_candidate,c0,81,0.070114446,-0.200719468,0.212613124,44.5,4:5
19,same_candidate,c0,81,0.058455679,-0.231736334,0.238995387,44.5,4:5
20,same_candidate,c0,29,0.097240057,-0.205515796,0.227359563,44.4,4:5
20,same_candidate,c0,29,0.084458323,-0.221848117,0.237381118,44.4,4:5
21,same_candidate,c0,107,0.089320550,-0.258215279,0.273227544,44.5,4:5
21,same_candidate,c0,107,0.084520773,-0.229016981,0.244115830,44.5,4:5
22,same_candidate,c0,54,0.064404689,-0.232160147,0.240927993,44.1,4:5
22,same_candidate,c0,54,0.077251563,-0.213896071,0.227418850,44.1,4:5
23,same_candidate,c0,29,0.046550608,-0.218592258,0.223493925,44.0,4:5
23,same_candidate,c0,29,0.061104119,-0.200918989,0.210005128,44.0,4:5
24,same_candidate,c0,42,0.029801084,-0.224649865,0.226617887,44.1,4:5
24,same_candidate,c0,42,0.065709232,-0.232575361,0.241679544,44.1,4:5
25,same_candidate,c0,9,0.090051334,-0.221659755,0.239253610,44.4,4:5
25,same_candidate,c0,9,0.108050495,-0.249104931,0.271529329,44.4,4:5
26,same_candidate,c0,82,0.088309525,-0.240277191,0.255991602,44.1,4:5
26,same_candidate,c0,82,0.079465281,-0.284629570,0.295514336,44.1,4:5
27,same_candidate,c0,116,0.071956790,-0.203224092,0.215587131,44.0,4:5
27,same_candidate,c0,116,0.088543731,-0.201858584,0.220424318,44.0,4:5
28,same_candidate,c0,17,0.054348559,-0.207219053,0.214227687,44.1,4:5
28,same_candidate,c0,17,0.044822935,-0.208269336,0.213038052,44.1,4:5
29,same_candidate,c0,100,0.096012996,-0.218571192,0.238729683,44.5,4:5
29,same_candidate,c0,100,0.119331938,-0.227186645,0.256620114,44.5,4:5
30,same_candidate,c0,73,0.061757031,-0.261954904,0.269136216,44.5,4:5
30,same_candidate,c0,73,0.096760784,-0.242083453,0.260704905,44.5,4:5
31,same_candidate,c0,82,0.059161022,-0.249262956,0.256187524,44.0,4:5
31,same_candidate,c0,82,0.062170454,-0.226064171,0.234457191,44.0,4:5
32,same_candidate,c0,59,0.025980830,-0.221975628,0.223490901,44.2,4:5
32,same_candidate,c0,59,0.042804632,-0.220776683,0.224887929,44.2,4:5
33,same_candidate,c0,66,0.074520288,-0.219768538,0.232059224,44.5,4:5
33,same_candidate,c0,66,0.058379606,-0.230733036,0.238004018,44.5,4:5
34,same_candidate,c0,115,0.067563788,-0.241989456,0.251244427,44.5,4:5
34,same_candidate,c0,115,0.069283184,-0.249439207,0.258882362,44.5,4:5
35,same_candidate,c0,31,0.058434354,-0.274806842,0.280950839,44.5,4:5
35,same_candidate,c0,31,0.078301646,-0.251439833,0.263349839,44.5,4:5
36,same_candidate,c0,87,0.094185580,-0.252294176,0.269301458,44.2,4:5
36,same_candidate,c0,87,0.050279827,-0.218149378,0.223868739,44.2,4:5
37,same_candidate,c0,65,0.071009237,-0.226984924,0.237832856,44.6,4:5
37,same_candidate,c0,65,0.090230762,-0.248951933,0.264799274,44.6,4:5
38,same_candidate,c0,127,0.092854429,-0.198926292,0.219530442,44.5,4:5
38,same_candidate,c0,127,0.092795901,-0.250942945,0.267550819,44.5,4:5
39,same_candidate,c0,47,0.109798616,-0.239513680,0.263481572,44.5,4:5
39,same_candidate,c0,47,0.074138528,-0.235726883,0.247110673,44.5,4:5
40,same_candidate,c0,120,0.109404556,-0.207108662,0.234229278,44.5,4:5
40,same_candidate,c0,120,0.082076806,-0.197980553,0.214319624,44.5,4:5
41,same_candidate,c0,75,0.079869280,-0.184917715,0.201429052,44.8,4:5
41,same_candidate,c0,75,0.052508613,-0.237128319,0.242872383,44.8,4:5
0,dummy,c0,42,0.075158590,-0.206605286,0.219851217,44.5,4:5
0,dummy,c0,42,0.118396362,-0.228442008,0.257300310,44.5,4:5
1,dummy,c0,42,0.076868309,-0.267496564,0.278322023,44.5,4:5
1,dummy,c0,42,0.047389346,-0.265203216,0.269403964,44.5,4:5
2,dummy,c0,42,0.075184634,-0.216842970,0.229507304,44.4,4:5
2,dummy,c0,42,0.057548692,-0.231279602,0.238331924,44.4,4:5
3,dummy,c0,42,0.055648133,-0.210948090,0.218164643,44.5,4:5
3,dummy,c0,42,0.024428545,-0.229665580,0.230961106,44.5,4:5
4,dummy,c0,42,0.057937943,-0.245677100,0.252416407,44.5,4:5
4,dummy,c0,42,0.076323034,-0.227863109,0.240305643,44.5,4:5
5,dummy,c0,42,0.077131955,-0.238901256,0.251044117,44.5,4:5
5,dummy,c0,42,0.060136644,-0.239537364,0.246970777,44.5,4:5
6,dummy,c0,42,0.080631732,-0.272987670,0.284646700,44.5,4:5
6,dummy,c0,42,0.097446809,-0.215949799,0.236918122,44.5,4:5
7,dummy,c0,42,0.043599588,-0.242582990,0.246469940,44.5,4:5
7,dummy,c0,42,0.092175981,-0.212910675,0.232007257,44.5,4:5
8,dummy,c0,42,0.058110431,-0.213200595,0.220978089,44.5,4:5
8,dummy,c0,42,0.076150132,-0.215521799,0.228579283,44.5,4:5
9,dummy,c0,42,0.079377770,-0.236618152,0.249577603,44.5,4:5
9,dummy,c0,42,0.086864362,-0.266628457,0.280421382,44.5,4:5
10,dummy,c0,42,0.083203422,-0.226936538,0.241708505,44.5,4:5
10,dummy,c0,42,0.075481669,-0.236767135,0.248507864,44.5,4:5
11,dummy,c0,42,0.059253039,-0.222192766,0.229957709,44.5,4:5
11,dummy,c0,42,0.064007681,-0.209478003,0.219038848,44.5,4:5
12,dummy,c0,42,0.052764899,-0.234489557,0.240352838,44.4,4:5
12,dummy,c0,42,-0.017379733,-0.242012424,0.242635670,44.4,4:5
13,dummy,c0,42,0.083948094,-0.236888425,0.251323314,44.5,4:5
13,dummy,c0,42,0.082102296,-0.236145237,0.250010720,44.5,4:5
14,dummy,c0,42,0.094294609,-0.234747675,0.252978150,44.5,4:5
14,dummy,c0,42,0.071989135,-0.260145960,0.269922871,44.5,4:5
15,dummy,c0,42,0.081925387,-0.288052979,0.299476690,44.5,4:5
15,dummy,c0,42,0.075905663,-0.218547783,0.231354281,44.5,4:5
16,dummy,c0,42,0.054897590,-0.237605410,0.243864873,44.6,4:5
16,dummy,c0,42,0.038289831,-0.196223909,0.199924820,44.6,4:5
17,dummy,c0,42,0.034947513,-0.231788051,0.234407826,44.9,4:5
17,dummy,c0,42,0.119806807,-0.237505849,0.266012592,44.9,4:5
18,dummy,c0,42,0.105781539,-0.243041482,0.265063947,44.5,4:5
18,dummy,c0,42,0.090191473,-0.232194333,0.249095786,44.5,4:5
19,dummy,c0,42,0.056049253,-0.232809645,0.239461583,44.6,4:5
19,dummy,c0,42,0.037281893,-0.222417036,0.225520016,44.6,4:5
20,dummy,c0,42,0.073538771,-0.182452596,0.196715278,44.5,4:5
20,dummy,c0,42,0.038182208,-0.235407426,0.238483830,44.5,4:5
21,dummy,c0,42,0.056859598,-0.195389101,0.203494262,44.5,4:5
21,dummy,c0,42,0.079881621,-0.240545202,0.253462162,44.5,4:5
22,dummy,c0,42,0.079291713,-0.247727498,0.260107841,44.5,4:5
22,dummy,c0,42,0.077741508,-0.261611450,0.272918107,44.5,4:5
23,dummy,c0,42,0.075255808,-0.234922355,0.246681880,44.5,4:5
23,dummy,c0,42,0.051053472,-0.267957886,0.272778088,44.5,4:5
24,dummy,c0,42,0.070649350,-0.225128372,0.235953628,44.5,4:5
24,dummy,c0,42,0.048964091,-0.226230326,0.231468449,44.5,4:5
25,dummy,c0,42,0.048735172,-0.240616413,0.245502291,44.5,4:5
25,dummy,c0,42,0.068914894,-0.215120168,0.225889241,44.5,4:5
26,dummy,c0,42,0.088343923,-0.253965601,0.268892497,44.1,4:5
26,dummy,c0,42,0.111767327,-0.257330396,0.280554572,44.1,4:5
27,dummy,c0,42,0.107023832,-0.247624105,0.269762485,44.5,4:5
27,dummy,c0,42,0.078581490,-0.209587105,0.223834325,44.5,4:5
28,dummy,c0,42,0.058133850,-0.220440706,0.227977301,44.0,4:5
28,dummy,c0,42,0.078180005,-0.176083707,0.192659246,44.0,4:5
29,dummy,c0,42,0.097848581,-0.235007481,0.254564061,44.0,4:5
29,dummy,c0,42,0.050408214,-0.202129931,0.208320659,44.0,4:5
30,dummy,c0,42,0.062584170,-0.262060851,0.269430265,44.0,4:5
30,dummy,c0,42,0.137454570,-0.244360016,0.280366860,44.0,4:5
31,dummy,c0,42,0.090806115,-0.269267470,0.284166713,44.0,4:5
31,dummy,c0,42,0.086624630,-0.200066118,0.218014399,44.0,4:5
32,dummy,c0,42,0.001250321,-0.232991184,0.232994539,44.5,4:5
32,dummy,c0,42,0.063608396,-0.223044676,0.231937396,44.5,4:5
33,dummy,c0,42,0.051018117,-0.199827444,0.206237377,44.4,4:5
33,dummy,c0,42,0.069743311,-0.209539830,0.220841730,44.4,4:5
34,dummy,c0,42,0.068971979,-0.196470639,0.208225469,44.0,4:5
34,dummy,c0,42,0.111137413,-0.317119916,0.336030603,44.0,4:5
35,dummy,c0,42,0.118773832,-0.252066043,0.278647651,44.0,4:5
35,dummy,c0,42,0.093694430,-0.231679729,0.249908270,44.0,4:5
36,dummy,c0,42,0.088935264,-0.222448719,0.239568182,44.1,4:5
36,dummy,c0,42,0.081653776,-0.178487714,0.196278382,44.1,4:5
37,dummy,c0,42,0.103828632,-0.197671086,0.223280638,44.1,4:5
37,dummy,c0,42,0.039607482,-0.209715035,0.213422465,44.1,4:5
38,dummy,c0,42,0.104391551,-0.216617576,0.240459498,44.0,4:5
38,dummy,c0,42,0.087821270,-0.226411343,0.242847013,44.0,4:5
39,dummy,c0,42,0.102932322,-0.248001465,0.268514040,44.1,4:5
39,dummy,c0,42,0.056449964,-0.202913183,0.210618988,44.1,4:5
40,dummy,c0,42,0.058567128,-0.255940043,0.262555545,44.1,4:5
40,dummy,c0,42,0.066904497,-0.194832483,0.205999777,44.1,4:5
41,dummy,c0,42,0.052266046,-0.214629120,0.220901332,44.4,4:5
41,dummy,c0,42,0.043918091,-0.199094729,0.203881117,44.4,4:5
0,lane_swap,c0,139,0.050983538,-0.227307198,0.232954681,44.0,4:5
0,lane_swap,c1,117,0.085322433,-0.201876808,0.219166976,44.0,4:5
1,lane_swap,c0,172,0.060850043,-0.264007191,0.270929003,44.0,4:5
1,lane_swap,c1,84,0.080656113,-0.264856220,0.276864996,44.0,4:5
2,lane_swap,c0,168,0.067521512,-0.271607208,0.279874311,44.0,4:5
2,lane_swap,c1,88,0.092690161,-0.211277285,0.230715316,44.0,4:5
3,lane_swap,c0,220,0.081740819,-0.220225861,0.234906346,44.0,4:5
3,lane_swap,c1,36,0.101579963,-0.246636675,0.266736084,44.0,4:5
4,lane_swap,c0,130,0.071134305,-0.231817139,0.242485619,44.0,4:5
4,lane_swap,c1,126,0.076251028,-0.229080842,0.241437884,44.0,4:5
5,lane_swap,c0,195,0.088757119,-0.268266572,0.282568186,44.0,4:5
5,lane_swap,c1,61,0.074851917,-0.237667627,0.249176063,44.0,4:5
6,lane_swap,c0,156,0.077997421,-0.240641144,0.252965922,44.0,4:5
6,lane_swap,c1,100,0.100504374,-0.243236533,0.263182713,44.0,4:5
7,lane_swap,c0,135,0.079251670,-0.185378255,0.201608345,44.5,4:5
7,lane_swap,c1,121,0.056576563,-0.207692132,0.215260143,44.5,4:5
8,lane_swap,c0,182,0.073323334,-0.229360201,0.240795376,44.1,4:5
8,lane_swap,c1,74,0.080367693,-0.195450034,0.211328374,44.1,4:5
9,lane_swap,c0,216,0.058631706,-0.224864531,0.232382732,44.4,4:5
9,lane_swap,c1,40,0.060813330,-0.222019546,0.230197611,44.4,4:5
10,lane_swap,c0,193,0.083324384,-0.247915440,0.261543530,44.1,4:5
10,lane_swap,c1,63,0.068295295,-0.252338003,0.261416746,44.1,4:5
11,lane_swap,c0,209,0.086910717,-0.246888835,0.261739507,44.5,4:5
11,lane_swap,c1,47,0.069445458,-0.235027463,0.245072601,44.5,4:5
12,lane_swap,c0,156,0.044520192,-0.228399712,0.232698250,44.1,4:5
12,lane_swap,c1,100,0.077195018,-0.187553713,0.202818801,44.1,4:5
13,lane_swap,c0,171,0.091220960,-0.237157108,0.254095961,44.2,4:5
13,lane_swap,c1,85,0.074687422,-0.239210088,0.250598637,44.2,4:5
14,lane_swap,c0,159,0.062992799,-0.265740890,0.273104949,44.0,4:5
14,lane_swap,c1,97,0.108617552,-0.289098126,0.308829240,44.0,4:5
15,lane_swap,c0,234,0.098628128,-0.254791152,0.273214272,44.1,4:5
15,lane_swap,c1,22,0.085777201,-0.233454845,0.248714481,44.1,4:5
16,lane_swap,c0,231,0.075097064,-0.211403782,0.224346000,44.0,4:5
16,lane_swap,c1,25,0.076224033,-0.196571460,0.210832734,44.0,4:5
17,lane_swap,c0,243,0.043239162,-0.186403862,0.191353142,44.5,4:5
17,lane_swap,c1,13,0.047161893,-0.235230118,0.239911343,44.5,4:5
18,lane_swap,c0,233,0.064349789,-0.208648824,0.218346576,44.5,4:5
18,lane_swap,c1,23,0.073809387,-0.249608913,0.260292979,44.5,4:5
19,lane_swap,c0,244,0.119629647,-0.229786711,0.259062126,44.4,4:5
19,lane_swap,c1,12,0.071461520,-0.250543287,0.260535386,44.4,4:5
20,lane_swap,c0,142,0.090107652,-0.223351046,0.240842435,44.0,4:5
20,lane_swap,c1,114,0.056458215,-0.236647740,0.243289299,44.0,4:5
21,lane_swap,c0,153,0.062273805,-0.197388830,0.206979170,44.0,4:5
21,lane_swap,c1,103,0.042146643,-0.269253619,0.272532294,44.0,4:5
22,lane_swap,c0,205,0.089470080,-0.217818800,0.235478078,44.0,4:5
22,lane_swap,c1,51,0.083573505,-0.223297734,0.238424850,44.0,4:5
23,lane_swap,c0,135,0.096463929,-0.288636334,0.304329136,44.0,4:5
23,lane_swap,c1,121,0.114299378,-0.229161864,0.256084962,44.0,4:5
24,lane_swap,c0,168,0.092462672,-0.237910495,0.255246448,44.0,4:5
24,lane_swap,c1,88,0.091756924,-0.209752552,0.228944242,44.0,4:5
25,lane_swap,c0,162,0.117624653,-0.237625175,0.265143891,44.0,4:5
25,lane_swap,c1,94,0.068241340,-0.183376005,0.195662055,44.0,4:5
26,lane_swap,c0,182,0.076514855,-0.218503739,0.231513297,44.0,4:5
26,lane_swap,c1,74,0.053855749,-0.223264079,0.229667783,44.0,4:5
27,lane_swap,c0,131,0.100117518,-0.216214309,0.238269060,44.0,4:5
27,lane_swap,c1,125,0.083355199,-0.247990214,0.261624226,44.0,4:5
28,lane_swap,c0,217,0.080916059,-0.221074913,0.235417769,44.0,4:5
28,lane_swap,c1,39,0.076865970,-0.223390146,0.236244650,44.0,4:5
29,lane_swap,c0,132,0.041957751,-0.206145534,0.210372133,44.0,4:5
29,lane_swap,c1,124,0.083536735,-0.238047630,0.252279726,44.0,4:5
30,lane_swap,c0,177,0.085433963,-0.219286383,0.235341199,43.5,4:5
30,lane_swap,c1,79,0.061210017,-0.233493783,0.241383539,43.5,4:5
31,lane_swap,c0,190,0.068137705,-0.194138315,0.205748468,43.6,4:5
31,lane_swap,c1,66,0.066672058,-0.257850511,0.266330714,43.6,4:5
32,lane_swap,c0,215,0.101734328,-0.228450280,0.250078796,44.0,4:5
32,lane_swap,c1,41,0.110133119,-0.250449387,0.273594955,44.0,4:5
33,lane_swap,c0,172,0.075117767,-0.220442896,0.232889994,44.0,4:5
33,lane_swap,c1,84,0.062694612,-0.205979705,0.215309668,44.0,4:5
34,lane_swap,c0,214,0.082478970,-0.213986552,0.229331692,43.8,4:5
34,lane_swap,c1,42,0.034538739,-0.217371641,0.220098512,43.8,4:5
35,lane_swap,c0,154,0.071483969,-0.222934863,0.234115166,43.8,4:5
35,lane_swap,c1,102,0.081585284,-0.226110681,0.240379281,43.8,4:5
36,lane_swap,c0,232,0.095870923,-0.233553683,0.252464961,43.9,4:5
36,lane_swap,c1,24,0.125992465,-0.252551707,0.282234771,43.9,4:5
37,lane_swap,c0,156,0.096814282,-0.230970714,0.250440563,44.0,4:5
37,lane_swap,c1,100,0.090358621,-0.210475372,0.229051441,44.0,4:5
38,lane_swap,c0,175,0.126782764,-0.215371063,0.249917114,44.0,4:5
38,lane_swap,c1,81,0.057974889,-0.239686532,0.246598300,44.0,4:5
39,lane_swap,c0,198,0.067299253,-0.198415223,0.209517995,44.0,4:5
39,lane_swap,c1,58,0.045586780,-0.242132007,0.246386004,44.0,4:5
40,lane_swap,c0,189,0.070918557,-0.228464746,0.239218690,44.0,4:5
40,lane_swap,c1,67,0.100193237,-0.234698953,0.255190680,44.0,4:5
41,lane_swap,c0,248,0.083822851,-0.252464093,0.266015768,44.0,4:5
41,lane_swap,c1,8,0.079335057,-0.228409757,0.241795509,44.0,4:5
0,off_tone,c0,37,0.111580768,-0.173736609,0.206481663,44.1,4:5
0,off_tone,c1,219,0.045181981,0.003291492,0.045301714,44.1,4:5
1,off_tone,c0,41,0.126201316,-0.162429272,0.205694046,44.1,4:5
1,off_tone,c1,215,0.040096075,0.028435806,0.049155776,44.1,4:5
2,off_tone,c0,19,0.140718528,-0.161266472,0.214029388,44.0,4:5
2,off_tone,c1,237,-0.003364575,-0.018872625,0.019170194,44.0,4:5
3,off_tone,c0,14,0.135623795,-0.214920388,0.254134978,44.0,4:5
3,off_tone,c1,242,-0.006964548,-0.029502120,0.030313034,44.0,4:5
4,off_tone,c0,64,0.141635554,-0.195268664,0.241227033,43.5,4:5
4,off_tone,c1,192,-0.022984877,-0.019701200,0.030272790,43.5,4:5
5,off_tone,c0,9,0.111880888,-0.183765815,0.215144620,43.6,4:5
5,off_tone,c1,247,0.007492140,-0.058715016,0.059191091,43.6,4:5
6,off_tone,c0,98,0.101868595,-0.170451021,0.198571804,43.9,4:5
6,off_tone,c1,158,0.004395859,-0.027136040,0.027489784,43.9,4:5
7,off_tone,c0,62,0.136590251,-0.158764838,0.209435360,44.0,4:5
7,off_tone,c1,194,0.028645626,-0.002157208,0.028726737,44.0,4:5
8,off_tone,c0,125,0.127479311,-0.176475188,0.217702703,43.9,4:5
8,off_tone,c1,131,0.005392770,-0.006570009,0.008499822,43.9,4:5
9,off_tone,c0,9,0.069174697,-0.145383065,0.161001163,44.0,4:5
9,off_tone,c1,247,-0.006129781,-0.026618667,0.027315337,44.0,4:5
10,off_tone,c0,44,0.130252419,-0.191199336,0.231350122,44.0,4:5
10,off_tone,c1,212,0.001630939,-0.004545987,0.004829696,44.0,4:5
11,off_tone,c0,95,0.113084544,-0.184501252,0.216399691,44.0,4:5
11,off_tone,c1,161,-0.025382480,0.003003502,0.025559564,44.0,4:5
12,off_tone,c0,120,0.120532363,-0.201690334,0.234961787,44.0,4:5
12,off_tone,c1,136,0.018342414,0.002994238,0.018585198,44.0,4:5
13,off_tone,c0,77,0.134676317,-0.184903870,0.228751288,44.0,4:5
13,off_tone,c1,179,-0.032824858,-0.031614809,0.045573759,44.0,4:5
14,off_tone,c0,39,0.131040771,-0.129652972,0.184340926,44.1,4:5
14,off_tone,c1,217,0.008297404,-0.000064165,0.008297652,44.1,4:5
15,off_tone,c0,35,0.141596498,-0.181487307,0.230189511,44.0,4:5
15,off_tone,c1,221,0.015519404,0.010417086,0.018691377,44.0,4:5
16,off_tone,c0,27,0.112609819,-0.212183443,0.240214040,44.1,4:5
16,off_tone,c1,229,0.003258020,0.008791195,0.009375489,44.1,4:5
17,off_tone,c0,26,0.125312563,-0.178957871,0.218470039,44.0,4:5
17,off_tone,c1,230,0.006246597,0.001524753,0.006429996,44.0,4:5
18,off_tone,c0,108,0.084671831,-0.189980561,0.207995030,44.0,4:5
18,off_tone,c1,148,-0.001216187,0.020860650,0.020896072,44.0,4:5
19,off_tone,c0,90,0.117408959,-0.136507739,0.180053399,44.0,4:5
19,off_tone,c1,166,0.016051979,-0.004274237,0.016611295,44.0,4:5
20,off_tone,c0,40,0.163191401,-0.159965593,0.228517886,44.1,4:5
20,off_tone,c1,216,-0.026043957,0.015787447,0.030455397,44.1,4:5
21,off_tone,c0,55,0.147353584,-0.169244072,0.224402840,44.4,4:5
21,off_tone,c1,201,-0.007795167,0.003277770,0.008456264,44.4,4:5
22,off_tone,c0,52,0.109829471,-0.168115532,0.200811714,44.5,4:5
22,off_tone,c1,204,0.030557187,0.001506916,0.030594321,44.5,4:5
23,off_tone,c0,105,0.117513161,-0.160453299,0.198883393,44.5,4:5
23,off_tone,c1,151,-0.009138356,-0.044067618,0.045005161,44.5,4:5
24,off_tone,c0,36,0.126638197,-0.177766379,0.218261583,44.0,4:5
24,off_tone,c1,220,-0.003786454,0.002662220,0.004628677,44.0,4:5
25,off_tone,c0,16,0.166860294,-0.213810258,0.271214277,44.0,4:5
25,off_tone,c1,240,0.003884978,0.001616152,0.004207731,44.0,4:5
26,off_tone,c0,91,0.124226158,-0.186309194,0.223926895,44.1,4:5
26,off_tone,c1,165,-0.009188262,-0.002865631,0.009624760,44.1,4:5
27,off_tone,c0,22,0.092322605,-0.179067205,0.201465946,44.0,4:5
27,off_tone,c1,234,-0.026878740,-0.027202744,0.038242070,44.0,4:5
28,off_tone,c0,110,0.123969757,-0.178364293,0.217214921,44.4,4:5
28,off_tone,c1,146,0.009473813,-0.009481328,0.013403309,44.4,4:5
29,off_tone,c0,71,0.127996738,-0.191211390,0.230097719,44.0,4:5
29,off_tone,c1,185,-0.002790026,-0.027620243,0.027760801,44.0,4:5
30,off_tone,c0,95,0.106987586,-0.172794069,0.203234185,44.0,4:5
30,off_tone,c1,161,0.004707604,-0.001650582,0.004988583,44.0,4:5
31,off_tone,c0,63,0.108108603,-0.168453129,0.200159753,44.0,4:5
31,off_tone,c1,193,0.010494001,-0.017560015,0.020456739,44.0,4:5
32,off_tone,c0,88,0.119983852,-0.193547222,0.227720557,44.0,4:5
32,off_tone,c1,168,0.015782603,0.014375278,0.021348048,44.0,4:5
33,off_tone,c0,6,0.137672906,-0.169934009,0.218703901,44.0,4:5
33,off_tone,c1,250,-0.004386336,-0.009109643,0.010110665,44.0,4:5
34,off_tone,c0,8,0.110865541,-0.164975254,0.198766201,44.0,4:5
34,off_tone,c1,248,0.009398253,-0.016553386,0.019035277,44.0,4:5
35,off_tone,c0,68,0.119437515,-0.180930422,0.216797457,44.1,4:5
35,off_tone,c1,188,-0.007605685,0.029624669,0.030585413,44.1,4:5
36,off_tone,c0,77,0.104998932,-0.165433776,0.195941598,44.4,4:5
36,off_tone,c1,179,-0.016969384,0.005851237,0.017949846,44.4,4:5
37,off_tone,c0,94,0.115273053,-0.175561298,0.210022966,44.0,4:5
37,off_tone,c1,162,0.020502375,-0.032324807,0.038278460,44.0,4:5
38,off_tone,c0,44,0.136941221,-0.151930260,0.204537777,43.8,4:5
38,off_tone,c1,212,-0.005042437,-0.001814724,0.005359048,43.8,4:5
39,off_tone,c0,13,0.112033462,-0.179102556,0.211256295,43.8,4:5
39,off_tone,c1,243,-0.000374025,0.058914420,0.058915607,43.8,4:5
40,off_tone,c0,9,0.131461682,-0.197182449,0.236987536,44.0,4:5
40,off_tone,c1,247,0.019278709,0.021516390,0.028889854,44.0,4:5
41,off_tone,c0,104,0.141726780,-0.223317014,0.264493797,43.9,4:5
41,off_tone,c1,152,0.000394760,0.012762254,0.012768358,43.9,4:5
0,hidden_positive,c0,103,0.139426341,-0.234531286,0.272845430,44.0,4:5
0,hidden_positive,c1,153,0.103448409,-0.190841024,0.217075724,44.0,4:5
1,hidden_positive,c0,103,0.055795619,-0.241082634,0.247455022,44.0,4:5
1,hidden_positive,c1,153,0.044396832,-0.220417641,0.224844424,44.0,4:5
2,hidden_positive,c0,26,0.066533105,-0.223503398,0.233196104,44.0,4:5
2,hidden_positive,c1,230,0.060169113,-0.211806935,0.220187420,44.0,4:5
3,hidden_positive,c0,126,0.085691622,-0.254223163,0.268276855,44.0,4:5
3,hidden_positive,c1,130,0.046426845,-0.255122113,0.259312060,44.0,4:5
4,hidden_positive,c0,123,0.087821831,-0.242685348,0.258086908,43.9,4:5
4,hidden_positive,c1,133,0.105754444,-0.258227170,0.279043498,43.9,4:5
5,hidden_positive,c0,81,0.045853132,-0.201241929,0.206399670,44.0,4:5
5,hidden_positive,c1,175,0.079363121,-0.187197223,0.203325614,44.0,4:5
6,hidden_positive,c0,113,0.057567181,-0.247705461,0.254306853,44.0,4:5
6,hidden_positive,c1,143,0.035120652,-0.222762975,0.225514529,44.0,4:5
7,hidden_positive,c0,62,0.058030360,-0.251427802,0.258037714,44.0,4:5
7,hidden_positive,c1,194,0.089707094,-0.251326347,0.266856319,44.0,4:5
8,hidden_positive,c0,18,0.094582604,-0.249661775,0.266977285,44.1,4:5
8,hidden_positive,c1,238,0.137602197,-0.338166372,0.365090208,44.1,4:5
9,hidden_positive,c0,99,0.065827914,-0.262260608,0.270395897,44.1,4:5
9,hidden_positive,c1,157,0.071307345,-0.225617595,0.236617913,44.1,4:5
10,hidden_positive,c0,20,0.090314036,-0.258084046,0.273430064,44.0,4:5
10,hidden_positive,c1,236,0.083858240,-0.199276509,0.216202061,44.0,4:5
11,hidden_positive,c0,40,0.117448618,-0.225757896,0.254481444,44.0,4:5
11,hidden_positive,c1,216,0.073769137,-0.205627647,0.218459641,44.0,4:5
12,hidden_positive,c0,37,0.094932279,-0.224324443,0.243584880,44.1,4:5
12,hidden_positive,c1,219,0.089225021,-0.275404767,0.289497652,44.1,4:5
13,hidden_positive,c0,52,0.092736943,-0.248507343,0.265247130,44.0,4:5
13,hidden_positive,c1,204,0.053020242,-0.192851895,0.200007498,44.0,4:5
14,hidden_positive,c0,104,0.101704548,-0.242656077,0.263107937,44.0,4:5
14,hidden_positive,c1,152,0.010359795,-0.207450853,0.207709369,44.0,4:5
15,hidden_positive,c0,70,0.045951168,-0.214991432,0.219847278,43.8,4:5
15,hidden_positive,c1,186,0.059940926,-0.221667645,0.229628960,43.8,4:5
16,hidden_positive,c0,67,0.028460023,-0.207906158,0.209845046,44.2,4:5
16,hidden_positive,c1,189,0.081528687,-0.222655368,0.237112504,44.2,4:5
17,hidden_positive,c0,19,0.058747903,-0.280799628,0.286879325,44.2,4:5
17,hidden_positive,c1,237,0.098661805,-0.242555168,0.261853320,44.2,4:5
18,hidden_positive,c0,100,0.105309944,-0.293066827,0.311413470,44.5,4:5
18,hidden_positive,c1,156,0.072116568,-0.244589022,0.254999194,44.5,4:5
19,hidden_positive,c0,99,0.052793935,-0.223687979,0.229833661,44.0,4:5
19,hidden_positive,c1,157,0.074617310,-0.258211603,0.268776812,44.0,4:5
20,hidden_positive,c0,92,0.056800277,-0.234237014,0.241025414,44.5,4:5
20,hidden_positive,c1,164,0.077414644,-0.260519828,0.271778601,44.5,4:5
21,hidden_positive,c0,95,0.103863302,-0.238157775,0.259820537,44.2,4:5
21,hidden_positive,c1,161,0.091323632,-0.274803216,0.289580409,44.2,4:5
22,hidden_positive,c0,119,0.104846246,-0.242071924,0.263802107,44.2,4:5
22,hidden_positive,c1,137,0.060075108,-0.245380667,0.252627573,44.2,4:5
23,hidden_positive,c0,107,0.067814336,-0.244433394,0.253666056,44.0,4:5
23,hidden_positive,c1,149,0.077883307,-0.221216985,0.234526680,44.0,4:5
24,hidden_positive,c0,9,0.049518699,-0.224185529,0.229589314,44.0,4:5
24,hidden_positive,c1,247,0.033583930,-0.216668460,0.219255791,44.0,4:5
25,hidden_positive,c0,54,0.059218957,-0.226096962,0.233723600,44.0,4:5
25,hidden_positive,c1,202,0.046135425,-0.249921467,0.254144088,44.0,4:5
26,hidden_positive,c0,54,0.106549616,-0.283736040,0.303082433,44.0,4:5
26,hidden_positive,c1,202,0.071493432,-0.227336515,0.238313243,44.0,4:5
27,hidden_positive,c0,50,0.078440586,-0.238141792,0.250727818,44.0,4:5
27,hidden_positive,c1,206,0.050533376,-0.210586043,0.216564318,44.0,4:5
28,hidden_positive,c0,72,0.065146688,-0.255321755,0.263501972,44.1,4:5
28,hidden_positive,c1,184,0.060625139,-0.247340000,0.254661507,44.1,4:5
29,hidden_positive,c0,60,0.078281624,-0.255487055,0.267210868,44.5,4:5
29,hidden_positive,c1,196,0.073726407,-0.240200455,0.251260506,44.5,4:5
30,hidden_positive,c0,71,0.082044647,-0.250272210,0.263377113,44.4,4:5
30,hidden_positive,c1,185,0.121416074,-0.267298164,0.293581627,44.4,4:5
31,hidden_positive,c0,87,0.114032455,-0.243248521,0.268650784,44.0,4:5
31,hidden_positive,c1,169,0.106420604,-0.226400249,0.250164781,44.0,4:5
32,hidden_positive,c0,1,0.100700723,-0.229706261,0.250809892,44.2,4:5
32,hidden_positive,c1,255,0.066508392,-0.217141990,0.227099119,44.2,4:5
33,hidden_positive,c0,123,0.087012284,-0.222905854,0.239286768,44.1,4:5
33,hidden_positive,c1,133,0.045257949,-0.220681459,0.225274473,44.1,4:5
34,hidden_positive,c0,34,0.069595577,-0.203662437,0.215225306,44.0,4:5
34,hidden_positive,c1,222,0.106146537,-0.256729144,0.277807381,44.0,4:5
35,hidden_positive,c0,119,0.105190495,-0.240721934,0.262701522,44.0,4:5
35,hidden_positive,c1,137,0.086381943,-0.238671658,0.253822773,44.0,4:5
36,hidden_positive,c0,40,0.075723713,-0.247826102,0.259136755,44.0,4:5
36,hidden_positive,c1,216,0.034151716,-0.238343222,0.240777555,44.0,4:5
37,hidden_positive,c0,10,0.063210736,-0.212321291,0.221530873,44.5,4:5
37,hidden_positive,c1,246,0.109082294,-0.240905434,0.264451082,44.5,4:5
38,hidden_positive,c0,85,0.075616528,-0.209736347,0.222951104,44.2,4:5
38,hidden_positive,c1,171,0.073803567,-0.253365383,0.263895782,44.2,4:5
39,hidden_positive,c0,77,0.081577333,-0.290306494,0.301550529,44.0,4:5
39,hidden_positive,c1,179,0.091508798,-0.267235961,0.282469324,44.0,4:5
40,hidden_positive,c0,59,0.128152001,-0.254367155,0.284825534,44.4,4:5
40,hidden_positive,c1,197,0.075984673,-0.219666259,0.232436951,44.4,4:5
41,hidden_positive,c0,49,0.077956188,-0.210608756,0.224573407,44.5,4:5
41,hidden_positive,c1,207,0.098320559,-0.229789571,0.249940351,44.5,4:5
